road_id ,start_x,start_y,end_x,end_y,slope,c,weights
1,0,0,200,700,3.2,0,728.0109889
2,0,0,250,500,0.8,600,559.0169944
3,200,700,700,900,0.133333333,766.6666667,538.5164807
4,250,500,700,900,4.25,-1175,602.0797289
5,0,0,600,0,0,0,600
6,600,0,1000,500,500,600,640.3124237
7,1000,500,700,900,-1.333333333,1833.333333,500
8,250,500,600,0,-1.428571429,857,610.3277808
